{
    "latent_dim": 64,
    "hidden_dim": 512,
    "dropout": 0.00897690749507634,
    "lr": 0.0003456154007533232
}