{
    "latent_dim": 32,
    "hidden_dim": 128,
    "dropout": 0.20063629628302143,
    "lr": 0.000444437353343491
}