{
    "latent_dim": 64,
    "hidden_dim": 512,
    "dropout": 0.004767523533687312,
    "lr": 0.00013698938271347749
}